case,istab,wind,x,y,z,t,dur,sig_x,sig_y,sig_z,zfunc,yfunc,xfunc,qyz,cpeak,concentration,dinf,dose,c_surf,c_surf_inf, C_dep, D_dep, delta_dep
21,3,2.3,1,0,0,3600,1800,0.877766,0.877766,0.0148683,53.5422,0.454497,6.43118e-310,4.38026e+08,5.43145947e+04,0.00000000e+00,9.77662704e+07,1.03638386e+08,2.57556835e+07,2.42963754e+07,0.00000000e+00,5.23008835e+08,5.04647802e+00
21,3,2.30000000e+00,1.00000000e+00,4.38882930e-01,0.00000000e+00,3.60000000e+03,1.80000000e+03,8.77765834e-01,8.77765834e-01,1.48683153e-02,5.35421780e+01,4.01092550e-01,6.43117860e-310,3.86556636e+08,4.79324616e+04,0.00000000e+00,8.62784308e+07,9.14605542e+07,2.27293110e+07,2.14414761e+07,0.00000000e+00,4.61553677e+08,5.04647802e+00
21,3,2.30000000e+00,1.00000000e+00,8.77765860e-01,0.00000000e+00,3.60000000e+03,1.80000000e+03,8.77765834e-01,8.77765834e-01,1.48683153e-02,5.35421780e+01,2.75666609e-01,6.43117860e-310,2.65676232e+08,3.29434669e+04,0.00000000e+00,5.92982405e+07,6.28598583e+07,1.56216117e+07,1.47364966e+07,0.00000000e+00,3.17220894e+08,5.04647802e+00
21,3,2.30000000e+00,1.00000000e+00,1.31664879e+00,0.00000000e+00,3.60000000e+03,1.80000000e+03,8.77765834e-01,8.77765834e-01,1.48683153e-02,5.35421780e+01,1.47553703e-01,6.43117860e-310,1.42206239e+08,1.76333672e+04,0.00000000e+00,3.17400609e+07,3.36464576e+07,8.36164621e+06,7.88787823e+06,0.00000000e+00,1.69796109e+08,5.04647802e+00
21,3,2.30000000e+00,1.00000000e+00,1.75553172e+00,0.00000000e+00,3.60000000e+03,1.80000000e+03,8.77765834e-01,8.77765834e-01,1.48683153e-02,5.35421780e+01,6.15095347e-02,6.43117860e-310,5.92803801e+07,7.35068105e+03,0.00000000e+00,1.32312259e+07,1.40259303e+07,3.48565273e+06,3.28815685e+06,0.00000000e+00,7.07815488e+07,5.04647802e+00
21,3,2.30000000e+00,1.00000000e+00,2.19441465e+00,0.00000000e+00,3.60000000e+03,1.80000000e+03,8.77765834e-01,8.77765834e-01,1.48683153e-02,5.35421780e+01,1.99692222e-02,6.43117860e-310,1.92455217e+07,2.38641674e+03,0.00000000e+00,4.29555013e+06,4.55355286e+06,1.13162576e+06,1.06750823e+06,0.00000000e+00,2.29794045e+07,5.04647802e+00
21,3,2.30000000e+00,1.00000000e+00,2.63329758e+00,0.00000000e+00,3.60000000e+03,1.80000000e+03,8.77765834e-01,8.77765834e-01,1.48683153e-02,5.35421780e+01,5.04901007e-03,6.43117860e-310,4.86602992e+06,6.03380644e+02,0.00000000e+00,1.08608516e+06,1.15131847e+06,2.86119799e+05,2.69908350e+05,0.00000000e+00,5.81010333e+06,5.04647802e+00
21,3,2.30000000e+00,2.15443469e+00,0.00000000e+00,0.00000000e+00,3.60000000e+03,1.80000000e+03,1.72212362e+00,1.72212362e+00,4.40794080e-02,1.80964149e+01,2.31657174e-01,6.43117860e-310,7.54589578e+07,9.59093093e+03,0.00000000e+00,1.72636757e+07,1.81017363e+07,2.11617000e+06,2.01819715e+06,0.00000000e+00,4.29720921e+07,2.37392101e+00
21,3,2.30000000e+00,2.15443469e+00,8.61061830e-01,0.00000000e+00,3.60000000e+03,1.80000000e+03,1.72212362e+00,1.72212362e+00,4.40794080e-02,1.80964149e+01,2.04436739e-01,6.43117860e-310,6.65922966e+07,8.46396684e+03,0.00000000e+00,1.52351403e+07,1.59747262e+07,1.86751347e+06,1.78105273e+06,0.00000000e+00,3.79227382e+07,2.37392101e+00
21,3,2.30000000e+00,2.15443469e+00,1.72212366e+00,0.00000000e+00,3.60000000e+03,1.80000000e+03,1.72212362e+00,1.72212362e+00,4.40794080e-02,1.80964149e+01,1.40507179e-01,6.43117860e-310,4.57681715e+07,5.81719367e+03,0.00000000e+00,1.04709486e+07,1.09792581e+07,1.28352199e+06,1.22409845e+06,0.00000000e+00,2.60638914e+07,2.37392101e+00
21,3,2.30000000e+00,2.15443469e+00,2.58318549e+00,0.00000000e+00,3.60000000e+03,1.80000000e+03,1.72212362e+00,1.72212362e+00,4.40794080e-02,1.80964149e+01,7.52080731e-02,6.43117860e-310,2.44979368e+07,3.11371939e+03,0.00000000e+00,5.60469491e+06,5.87677335e+06,6.87019812e+05,6.55212684e+05,0.00000000e+00,1.39509957e+07,2.37392101e+00
21,3,2.30000000e+00,2.15443469e+00,3.44424732e+00,0.00000000e+00,3.60000000e+03,1.80000000e+03,1.72212362e+00,1.72212362e+00,4.40794080e-02,1.80964149e+01,3.13513893e-02,6.43117860e-310,1.02122594e+07,1.29799135e+03,0.00000000e+00,2.33638444e+06,2.44980361e+06,2.86392466e+05,2.73133283e+05,0.00000000e+00,5.81564025e+06,2.37392101e+00
21,3,2.30000000e+00,2.15443469e+00,4.30530915e+00,0.00000000e+00,3.60000000e+03,1.80000000e+03,1.72212362e+00,1.72212362e+00,4.40794080e-02,1.80964149e+01,1.01783059e-02,6.43117860e-310,3.31543522e+06,4.21396096e+02,0.00000000e+00,7.58512973e+05,7.95334786e+05,9.29780208e+04,8.86733941e+04,0.00000000e+00,1.88806196e+06,2.37392101e+00
21,3,2.30000000e+00,2.15443469e+00,5.16637098e+00,0.00000000e+00,3.60000000e+03,1.80000000e+03,1.72212362e+00,1.72212362e+00,4.40794080e-02,1.80964149e+01,2.57347874e-03,6.43117860e-310,8.38273301e+05,1.06545619e+02,0.00000000e+00,1.91782113e+05,2.01092126e+05,2.35085252e+04,2.24201451e+04,0.00000000e+00,4.77376822e+05,2.37392101e+00
21,3,2.30000000e+00,4.64158883e+00,0.00000000e+00,0.00000000e+00,3.60000000e+03,1.80000000e+03,3.42398119e+00,3.42398119e+00,1.44583881e-01,5.51835713e+00,1.16514160e-01,6.43117860e-310,1.15734014e+07,1.50034661e+03,0.00000000e+00,2.70062390e+06,2.80740488e+06,1.91920832e+05,1.84621032e+05,0.00000000e+00,3.89724817e+06,1.38820311e+00
21,3,2.30000000e+00,4.64158883e+00,1.71199055e+00,0.00000000e+00,3.60000000e+03,1.80000000e+03,3.42398119e+00,3.42398119e+00,1.44583881e-01,5.51835713e+00,1.02823385e-01,6.43117860e-310,1.02134909e+07,1.32405124e+03,0.00000000e+00,2.38329223e+06,2.47752611e+06,1.69369540e+05,1.62927489e+05,0.00000000e+00,3.43930944e+06,1.38820311e+00
21,3,2.30000000e+00,4.64158883e+00,3.42398109e+00,0.00000000e+00,3.60000000e+03,1.80000000e+03,3.42398119e+00,3.42398119e+00,1.44583881e-01,5.51835713e+00,7.06694103e-02,6.43117860e-310,7.01962279e+06,9.10006220e+02,0.00000000e+00,1.63801120e+06,1.70277713e+06,1.16405869e+05,1.11978316e+05,0.00000000e+00,2.36380050e+06,1.38820311e+00
21,3,2.30000000e+00,4.64158883e+00,5.13597164e+00,0.00000000e+00,3.60000000e+03,1.80000000e+03,3.42398119e+00,3.42398119e+00,1.44583881e-01,5.51835713e+00,3.78266095e-02,6.43117860e-310,3.75733332e+06,4.87091229e+02,0.00000000e+00,8.76764213e+05,9.11430921e+05,6.23075716e+04,5.99376735e+04,0.00000000e+00,1.26525123e+06,1.38820311e+00
21,3,2.30000000e+00,4.64158883e+00,6.84796218e+00,0.00000000e+00,3.60000000e+03,1.80000000e+03,3.42398119e+00,3.42398119e+00,1.44583881e-01,5.51835713e+00,1.57684768e-02,6.43117860e-310,1.56628956e+06,2.03049834e+02,0.00000000e+00,3.65489700e+05,3.79940935e+05,2.59736601e+04,2.49857396e+04,0.00000000e+00,5.27435185e+05,1.38820311e+00
21,3,2.30000000e+00,4.64158883e+00,8.55995273e+00,0.00000000e+00,3.60000000e+03,1.80000000e+03,3.42398119e+00,3.42398119e+00,1.44583881e-01,5.51835713e+00,5.11927491e-03,6.43117860e-310,5.08499770e+05,6.59206295e+01,0.00000000e+00,1.18657133e+05,1.23348762e+05,8.43241285e+03,8.11168202e+03,0.00000000e+00,1.71233134e+05,1.38820311e+00
21,3,2.30000000e+00,4.64158883e+00,1.02719433e+01,0.00000000e+00,3.60000000e+03,1.80000000e+03,3.42398119e+00,3.42398119e+00,1.44583881e-01,5.51835713e+00,1.29435540e-03,6.43117860e-310,1.28568876e+05,1.66673453e+01,0.00000000e+00,3.00012216e+04,3.11874511e+04,2.13204786e+03,2.05095440e+03,0.00000000e+00,4.32945165e+04,1.38820311e+00
21,3,2.30000000e+00,1.00000000e+01,0.00000000e+00,0.00000000e+00,3.60000000e+03,1.80000000e+03,6.89889860e+00,6.89889860e+00,5.24703562e-01,1.52063602e+00,5.78269540e-02,6.43117860e-310,1.58280748e+06,2.08342694e+02,0.00000000e+00,3.75016849e+05,3.87284652e+05,1.90719167e+04,1.84677861e+04,0.00000000e+00,3.87284652e+05,1.00000000e+00
21,3,2.30000000e+00,1.00000000e+01,3.44944927e+00,0.00000000e+00,3.60000000e+03,1.80000000e+03,6.89889860e+00,6.89889860e+00,5.24703562e-01,1.52063602e+00,5.10321077e-02,6.43117860e-310,1.39682270e+06,1.83861782e+02,0.00000000e+00,3.30951207e+05,3.41777506e+05,1.68309075e+04,1.62977640e+04,0.00000000e+00,3.41777506e+05,1.00000000e+00
21,3,2.30000000e+00,1.00000000e+01,6.89889855e+00,0.00000000e+00,3.60000000e+03,1.80000000e+03,6.89889860e+00,6.89889860e+00,5.24703562e-01,1.52063602e+00,3.50738205e-02,6.43117860e-310,9.60021264e+05,1.26366231e+02,0.00000000e+00,2.27459217e+05,2.34900016e+05,1.15677022e+04,1.12012785e+04,0.00000000e+00,2.34900016e+05,1.00000000e+00
21,3,2.30000000e+00,1.00000000e+01,1.03483478e+01,0.00000000e+00,3.60000000e+03,1.80000000e+03,6.89889860e+00,6.89889860e+00,5.24703562e-01,1.52063602e+00,1.87736633e-02,6.43117860e-310,5.13862353e+05,6.76389695e+01,0.00000000e+00,1.21750145e+05,1.25732918e+05,6.19174483e+03,5.99561232e+03,0.00000000e+00,1.25732918e+05,1.00000000e+00
21,3,2.30000000e+00,1.00000000e+01,1.37977971e+01,0.00000000e+00,3.60000000e+03,1.80000000e+03,6.89889860e+00,6.89889860e+00,5.24703562e-01,1.52063602e+00,7.82602719e-03,6.43117860e-310,2.14209698e+05,2.81961175e+01,0.00000000e+00,5.07530114e+04,5.24132781e+04,2.58110325e+03,2.49934306e+03,0.00000000e+00,5.24132781e+04,1.00000000e+00
21,3,2.30000000e+00,1.00000000e+01,1.72472464e+01,0.00000000e+00,3.60000000e+03,1.80000000e+03,6.89889860e+00,6.89889860e+00,5.24703562e-01,1.52063602e+00,2.54073904e-03,6.43117860e-310,6.95437071e+04,9.15393910e+00,0.00000000e+00,1.64770904e+04,1.70161001e+04,8.37961540e+02,8.11417891e+02,0.00000000e+00,1.70161001e+04,1.00000000e+00
21,3,2.30000000e+00,1.00000000e+01,2.06966956e+01,0.00000000e+00,3.60000000e+03,1.80000000e+03,6.89889860e+00,6.89889860e+00,5.24703562e-01,1.52063602e+00,6.42399431e-04,6.43117860e-310,1.75834028e+04,2.31447826e+00,0.00000000e+00,4.16606087e+03,4.30234386e+03,2.11869857e+02,2.05158572e+02,0.00000000e+00,4.30234386e+03,1.00000000e+00
21,3,2.30000000e+00,2.15443469e+01,0.00000000e+00,0.00000000e+00,3.60000000e+03,1.80000000e+03,1.16609945e+01,1.16609945e+01,2.51328063e+00,3.17467339e-01,3.42116867e-02,6.43117860e-310,1.95499677e+05,2.68795864e+01,0.00000000e+00,4.83832556e+04,4.90489393e+04,2.03356463e+03,2.00596544e+03,0.00000000e+00,4.12946628e+04,8.41907357e-01
21,3,2.30000000e+00,2.15443469e+01,5.83049667e+00,0.00000000e+00,3.60000000e+03,1.80000000e+03,1.16609945e+01,1.16609945e+01,2.51328063e+00,3.17467339e-01,3.01917085e-02,6.43117860e-310,1.72527864e+05,2.37211525e+01,0.00000000e+00,4.26980745e+04,4.32855383e+04,1.79461454e+03,1.77025834e+03,0.00000000e+00,3.64424131e+04,8.41907357e-01
21,3,2.30000000e+00,2.15443469e+01,1.16609933e+01,0.00000000e+00,3.60000000e+03,1.80000000e+03,1.16609945e+01,1.16609945e+01,2.51328063e+00,3.17467339e-01,2.07504394e-02,6.43117860e-310,1.18576562e+05,1.63032952e+01,0.00000000e+00,2.93459314e+04,2.97496890e+04,1.23341944e+03,1.21667969e+03,0.00000000e+00,2.50464821e+04,8.41907357e-01
21,3,2.30000000e+00,2.15443469e+01,1.74914900e+01,0.00000000e+00,3.60000000e+03,1.80000000e+03,1.16609945e+01,1.16609945e+01,2.51328063e+00,3.17467339e-01,1.11069105e-02,6.43117860e-310,6.34694637e+04,8.72652562e+00,0.00000000e+00,1.57077461e+04,1.59238620e+04,6.60201893e+02,6.51241748e+02,0.00000000e+00,1.34064166e+04,8.41907357e-01
21,3,2.30000000e+00,2.15443469e+01,2.33219867e+01,0.00000000e+00,3.60000000e+03,1.80000000e+03,1.16609945e+01,1.16609945e+01,2.51328063e+00,3.17467339e-01,4.63005052e-03,6.43117860e-310,2.64580167e+04,3.63775818e+00,0.00000000e+00,6.54796472e+03,6.63805525e+03,2.75213176e+02,2.71478031e+02,0.00000000e+00,5.58862755e+03,8.41907357e-01
21,3,2.30000000e+00,2.15443469e+01,2.91524833e+01,0.00000000e+00,3.60000000e+03,1.80000000e+03,1.16609945e+01,1.16609945e+01,2.51328063e+00,3.17467339e-01,1.50315750e-03,6.43117860e-310,8.58966143e+03,1.18100731e+00,0.00000000e+00,2.12581316e+03,2.15506127e+03,8.93486474e+01,8.81360231e+01,0.00000000e+00,1.81436194e+03,8.41907357e-01
21,3,2.30000000e+00,2.15443469e+01,3.49829800e+01,0.00000000e+00,3.60000000e+03,1.80000000e+03,1.16609945e+01,1.16609945e+01,2.51328063e+00,3.17467339e-01,3.80057781e-04,6.43117860e-310,2.17180678e+03,2.98605446e-01,0.00000000e+00,5.37489803e+02,5.44884886e+02,2.25908786e+01,2.22842791e+01,0.00000000e+00,4.58742594e+02,8.41907357e-01
21,3,2.30000000e+00,4.64158883e+01,0.00000000e+00,0.00000000e+00,3.60000000e+03,1.80000000e+03,1.89361973e+01,1.89361973e+01,7.19875240e+00,1.10836506e-01,2.10677089e-02,6.43117860e-310,4.20312822e+04,5.92953053e+00,0.00000000e+00,1.06731549e+04,1.07046687e+04,4.07137534e+02,4.05938953e+02,0.00000000e+00,8.26755488e+03,7.72331694e-01
21,3,2.30000000e+00,4.64158883e+01,9.46809705e+00,0.00000000e+00,3.60000000e+03,1.80000000e+03,1.89361973e+01,1.89361973e+01,7.19875240e+00,1.10836506e-01,1.85921887e-02,6.43117860e-310,3.70924780e+04,5.23279256e+00,0.00000000e+00,9.41902660e+03,9.44683736e+03,3.59297629e+02,3.58239885e+02,0.00000000e+00,7.29609190e+03,7.72331694e-01
21,3,2.30000000e+00,4.64158883e+01,1.89361941e+01,0.00000000e+00,3.60000000e+03,1.80000000e+03,1.89361973e+01,1.89361973e+01,7.19875240e+00,1.10836506e-01,1.27782137e-02,6.43117860e-310,2.54932659e+04,3.59644271e+00,0.00000000e+00,6.47359687e+03,6.49271090e+03,2.46941441e+02,2.46214465e+02,0.00000000e+00,5.01452641e+03,7.72331694e-01
21,3,2.30000000e+00,4.64158883e+01,2.84042911e+01,0.00000000e+00,3.60000000e+03,1.80000000e+03,1.89361973e+01,1.89361973e+01,7.19875240e+00,1.10836506e-01,6.83968612e-03,6.43117860e-310,1.36455644e+04,1.92503740e+00,0.00000000e+00,3.46506733e+03,3.47529834e+03,1.32178252e+02,1.31789130e+02,0.00000000e+00,2.68408305e+03,7.72331694e-01
21,3,2.30000000e+00,4.64158883e+01,3.78723882e+01,0.00000000e+00,3.60000000e+03,1.80000000e+03,1.89361973e+01,1.89361973e+01,7.19875240e+00,1.10836506e-01,2.85120639e-03,6.43117860e-310,5.68831955e+03,8.02475267e-01,0.00000000e+00,1.44445548e+03,1.44872040e+03,5.51001129e+01,5.49379025e+01,0.00000000e+00,1.11889268e+03,7.72331694e-01
21,3,2.30000000e+00,4.64158883e+01,4.73404852e+01,0.00000000e+00,3.60000000e+03,1.80000000e+03,1.89361973e+01,1.89361973e+01,7.19875240e+00,1.10836506e-01,9.25651630e-04,6.43117860e-310,1.84672786e+03,2.60525700e-01,0.00000000e+00,4.68946260e+02,4.70330877e+02,1.78883961e+01,1.78357341e+01,0.00000000e+00,3.63251443e+02,7.72331694e-01
21,3,2.30000000e+00,4.64158883e+01,5.68085823e+01,0.00000000e+00,3.60000000e+03,1.80000000e+03,1.89361973e+01,1.89361973e+01,7.19875240e+00,1.10836506e-01,2.34041440e-04,6.43117860e-310,4.66926036e+02,6.58712283e-02,0.00000000e+00,1.18568211e+02,1.18918297e+02,4.52289593e+00,4.50958087e+00,0.00000000e+00,9.18443699e+01,7.72331694e-01
21,3,2.30000000e+00,1.00000000e+02,0.00000000e+00,0.00000000e+00,3.60000000e+03,1.80000000e+03,2.95427685e+01,2.95427685e+01,1.23299799e+01,6.47109377e-02,1.35038899e-02,6.43117860e-310,1.57292888e+04,2.23411322e+00,0.00000000e+00,4.02140379e+03,4.02199348e+03,1.39107899e+02,1.39087503e+02,0.00000000e+00,2.82480020e+03,7.02338335e-01
21,3,2.30000000e+00,1.00000000e+02,1.47713848e+01,0.00000000e+00,3.60000000e+03,1.80000000e+03,2.95427685e+01,2.95427685e+01,1.23299799e+01,6.47109377e-02,1.19171410e-02,6.43117860e-310,1.38810486e+04,1.97159800e+00,0.00000000e+00,3.54887639e+03,3.54939679e+03,1.22762290e+02,1.22744291e+02,0.00000000e+00,2.49287743e+03,7.02338335e-01
21,3,2.30000000e+00,1.00000000e+02,2.95427696e+01,0.00000000e+00,3.60000000e+03,1.80000000e+03,2.95427685e+01,2.95427685e+01,1.23299799e+01,6.47109377e-02,8.19052323e-03,6.43117860e-310,9.54029589e+03,1.35505816e+00,0.00000000e+00,2.43910470e+03,2.43946236e+03,8.43732057e+01,8.43608353e+01,0.00000000e+00,1.71332793e+03,7.02338335e-01
21,3,2.30000000e+00,1.00000000e+02,4.43141543e+01,0.00000000e+00,3.60000000e+03,1.80000000e+03,2.95427685e+01,2.95427685e+01,1.23299799e+01,6.47109377e-02,4.38407116e-03,6.43117860e-310,5.10655240e+03,7.25310369e-01,0.00000000e+00,1.30555866e+03,1.30575011e+03,4.51617226e+01,4.51551012e+01,0.00000000e+00,9.17078355e+02,7.02338335e-01
21,3,2.30000000e+00,1.00000000e+02,5.90855391e+01,0.00000000e+00,3.60000000e+03,1.80000000e+03,2.95427685e+01,2.95427685e+01,1.23299799e+01,6.47109377e-02,1.82755276e-03,6.43117860e-310,2.12872775e+03,3.02354345e-01,0.00000000e+00,5.44237821e+02,5.44317627e+02,1.88262069e+01,1.88234467e+01,0.00000000e+00,3.82295135e+02,7.02338335e-01
21,3,2.30000000e+00,1.00000000e+02,7.38569239e+01,0.00000000e+00,3.60000000e+03,1.80000000e+03,2.95427685e+01,2.95427685e+01,1.23299799e+01,6.47109377e-02,5.93319513e-04,6.43117860e-310,6.91096716e+02,9.81600842e-02,0.00000000e+00,1.76688152e+02,1.76714061e+02,6.11197452e+00,6.11107841e+00,0.00000000e+00,1.24113059e+02,7.02338335e-01
21,3,2.30000000e+00,1.00000000e+02,8.86283087e+01,0.00000000e+00,3.60000000e+03,1.80000000e+03,2.95427685e+01,2.95427685e+01,1.23299799e+01,6.47109377e-02,1.50014666e-04,6.43117860e-310,1.74736614e+02,2.48187560e-02,0.00000000e+00,4.46737608e+01,4.46803116e+01,1.54534917e+00,1.54512259e+00,0.00000000e+00,3.13806957e+01,7.02338335e-01
21,3,2.30000000e+00,2.15443469e+02,0.00000000e+00,0.00000000e+00,3.60000000e+03,1.80000000e+03,5.03141479e+01,5.03141479e+01,2.52181282e+01,3.16393253e-02,7.92902808e-03,6.43117860e-310,4.51564377e+03,6.41602986e-01,0.00000000e+00,1.15488538e+03,1.15488978e+03,3.58142739e+01,3.58141373e+01,0.00000000e+00,7.27264009e+02,6.29725902e-01
21,3,2.30000000e+00,2.15443469e+02,2.51570722e+01,0.00000000e+00,3.60000000e+03,1.80000000e+03,5.03141479e+01,5.03141479e+01,2.52181282e+01,3.16393253e-02,6.99734282e-03,6.43117860e-310,3.98504170e+03,5.66212657e-01,0.00000000e+00,1.01918278e+03,1.01918667e+03,3.16059863e+01,3.16058657e+01,0.00000000e+00,6.41808245e+02,6.29725902e-01
21,3,2.30000000e+00,2.15443469e+02,5.03141444e+01,0.00000000e+00,3.60000000e+03,1.80000000e+03,5.03141479e+01,5.03141479e+01,2.52181282e+01,3.16393253e-02,4.80919892e-03,6.43117860e-310,2.73887656e+03,3.89151906e-01,0.00000000e+00,7.00473430e+02,7.00476102e+02,2.17224565e+01,2.17223736e+01,0.00000000e+00,4.41107945e+02,6.29725902e-01
21,3,2.30000000e+00,2.15443469e+02,7.54712166e+01,0.00000000e+00,3.60000000e+03,1.80000000e+03,5.03141479e+01,5.03141479e+01,2.52181282e+01,3.16393253e-02,2.57417899e-03,6.43117860e-310,1.46601515e+03,2.08298030e-01,0.00000000e+00,3.74936454e+02,3.74937884e+02,1.16271945e+01,1.16271501e+01,0.00000000e+00,2.36108097e+02,6.29725902e-01
21,3,2.30000000e+00,2.15443469e+02,1.00628289e+02,0.00000000e+00,3.60000000e+03,1.80000000e+03,5.03141479e+01,5.03141479e+01,2.52181282e+01,3.16393253e-02,1.07307752e-03,6.43117860e-310,6.11126074e+02,8.68315426e-02,0.00000000e+00,1.56296777e+02,1.56297373e+02,4.84693606e+00,4.84691757e+00,0.00000000e+00,9.84245041e+01,6.29725902e-01
21,3,2.30000000e+00,2.15443469e+02,1.25785361e+02,0.00000000e+00,3.60000000e+03,1.80000000e+03,5.03141479e+01,5.03141479e+01,2.52181282e+01,3.16393253e-02,3.48377388e-04,6.43117860e-310,1.98403659e+02,2.81900846e-02,0.00000000e+00,5.07421523e+01,5.07423459e+01,1.57357031e+00,1.57356431e+00,0.00000000e+00,3.19537695e+01,6.29725902e-01
21,3,2.30000000e+00,2.15443469e+02,1.50942433e+02,0.00000000e+00,3.60000000e+03,1.80000000e+03,5.03141479e+01,5.03141479e+01,2.52181282e+01,3.16393253e-02,8.80836085e-05,6.43117860e-310,5.01643069e+01,7.12757045e-03,0.00000000e+00,1.28296268e+01,1.28296757e+01,3.97860930e-01,3.97859412e-01,0.00000000e+00,8.07917914e+00,6.29725902e-01
21,3,2.30000000e+00,4.64158883e+02,0.00000000e+00,0.00000000e+00,3.60000000e+03,1.80000000e+03,8.92971115e+01,8.92971115e+01,5.20153580e+01,1.53394034e-02,4.46758339e-03,6.43117860e-310,1.23354115e+03,1.75268683e-01,0.00000000e+00,3.15483630e+02,3.15483643e+02,8.72344591e+00,8.72344555e+00,0.00000000e+00,1.77143009e+02,5.61496652e-01
21,3,2.30000000e+00,4.64158883e+02,4.46485519e+01,0.00000000e+00,3.60000000e+03,1.80000000e+03,8.92971115e+01,8.92971115e+01,5.20153580e+01,1.53394034e-02,3.94262856e-03,6.43117860e-310,1.08859626e+03,1.54674072e-01,0.00000000e+00,2.78413330e+02,2.78413342e+02,7.69841411e+00,7.69841379e+00,0.00000000e+00,1.56328159e+02,5.61496652e-01
21,3,2.30000000e+00,4.64158883e+02,8.92971038e+01,0.00000000e+00,3.60000000e+03,1.80000000e+03,8.92971115e+01,8.92971115e+01,5.20153580e+01,1.53394034e-02,2.70972646e-03,6.43117860e-310,7.48180573e+02,1.06305836e-01,0.00000000e+00,1.91350505e+02,1.91350513e+02,5.29103772e+00,5.29103750e+00,0.00000000e+00,1.07442673e+02,5.61496652e-01
21,3,2.30000000e+00,4.64158883e+02,1.33945656e+02,0.00000000e+00,3.60000000e+03,1.80000000e+03,8.92971115e+01,8.92971115e+01,5.20153580e+01,1.53394034e-02,1.45041223e-03,6.43117860e-310,4.00472250e+02,5.69014206e-02,0.00000000e+00,1.02422557e+02,1.02422561e+02,2.83208875e+00,2.83208863e+00,0.00000000e+00,5.75099252e+01,5.61496652e-01
21,3,2.30000000e+00,4.64158883e+02,1.78594208e+02,0.00000000e+00,3.60000000e+03,1.80000000e+03,8.92971115e+01,8.92971115e+01,5.20153580e+01,1.53394034e-02,6.04621807e-04,6.43117860e-310,1.66941681e+02,2.37200425e-02,0.00000000e+00,4.26960766e+01,4.26960783e+01,1.18059031e+00,1.18059026e+00,0.00000000e+00,2.39737050e+01,5.61496652e-01
21,3,2.30000000e+00,4.64158883e+02,2.23242759e+02,0.00000000e+00,3.60000000e+03,1.80000000e+03,8.92971115e+01,8.92971115e+01,5.20153580e+01,1.53394034e-02,1.96292032e-04,6.43117860e-310,5.41980480e+01,7.70077309e-03,0.00000000e+00,1.38613916e+01,1.38613921e+01,3.83281693e-01,3.83281677e-01,0.00000000e+00,7.78312527e+00,5.61496652e-01
21,3,2.30000000e+00,4.64158883e+02,2.67891311e+02,0.00000000e+00,3.60000000e+03,1.80000000e+03,8.92971115e+01,8.92971115e+01,5.20153580e+01,1.53394034e-02,4.96304039e-05,6.43117860e-310,1.37034142e+01,1.94706059e-03,0.00000000e+00,3.50470906e+00,3.50470920e+00,9.69087998e-02,9.69087958e-02,0.00000000e+00,1.96788248e+00,5.61496652e-01
21,3,2.30000000e+00,1.00000000e+03,0.00000000e+00,0.00000000e+00,3.60000000e+03,1.80000000e+03,1.65155487e+02,1.65155487e+02,1.08197784e+02,7.37431515e-03,2.41555578e-03,6.43117860e-310,3.20635253e+02,4.55577214e-02,0.00000000e+00,8.20038986e+01,8.20038986e+01,2.01306638e+00,2.01306638e+00,0.00000000e+00,4.08784143e+01,4.98493547e-01
21,3,2.30000000e+00,1.00000000e+03,8.25777520e+01,0.00000000e+00,3.60000000e+03,1.80000000e+03,1.65155487e+02,1.65155487e+02,1.08197784e+02,7.37431515e-03,2.13172043e-03,6.43117860e-310,2.82959609e+02,4.02045469e-02,0.00000000e+00,7.23681844e+01,7.23681844e+01,1.77652479e+00,1.77652479e+00,0.00000000e+00,3.60750730e+01,4.98493547e-01
21,3,2.30000000e+00,1.00000000e+03,1.65155504e+02,0.00000000e+00,3.60000000e+03,1.80000000e+03,1.65155487e+02,1.65155487e+02,1.08197784e+02,7.37431515e-03,1.46510847e-03,6.43117860e-310,1.94475088e+02,2.76321516e-02,0.00000000e+00,4.97378728e+01,4.97378728e+01,1.22098634e+00,1.22098634e+00,0.00000000e+00,2.47940087e+01,4.98493547e-01
21,3,2.30000000e+00,1.00000000e+03,2.47733256e+02,0.00000000e+00,3.60000000e+03,1.80000000e+03,1.65155487e+02,1.65155487e+02,1.08197784e+02,7.37431515e-03,7.84216005e-04,6.43117860e-310,1.04095007e+02,1.47904240e-02,0.00000000e+00,2.66227633e+01,2.66227633e+01,6.53546851e-01,6.53546851e-01,0.00000000e+00,1.32712757e+01,4.98493547e-01
21,3,2.30000000e+00,1.00000000e+03,3.30311008e+02,0.00000000e+00,3.60000000e+03,1.80000000e+03,1.65155487e+02,1.65155487e+02,1.08197784e+02,7.37431515e-03,3.26909770e-04,6.43117860e-310,4.33932421e+01,6.16556420e-03,0.00000000e+00,1.10980156e+01,1.10980156e+01,2.72438779e-01,2.72438779e-01,0.00000000e+00,5.53228914e+00,4.98493547e-01
21,3,2.30000000e+00,1.00000000e+03,4.12888760e+02,0.00000000e+00,3.60000000e+03,1.80000000e+03,1.65155487e+02,1.65155487e+02,1.08197784e+02,7.37431515e-03,1.06132051e-04,6.43117860e-310,1.40877214e+01,2.00166539e-03,0.00000000e+00,3.60299770e+00,3.60299770e+00,8.84479113e-02,8.84479113e-02,0.00000000e+00,1.79607111e+00,4.98493547e-01
21,3,2.30000000e+00,1.00000000e+03,4.95466512e+02,0.00000000e+00,3.60000000e+03,1.80000000e+03,1.65155487e+02,1.65155487e+02,1.08197784e+02,7.37431515e-03,2.68343816e-05,6.43117860e-310,3.56193337e+00,5.06100208e-04,0.00000000e+00,9.10980374e-01,9.10980374e-01,2.23631315e-02,2.23631315e-02,0.00000000e+00,4.54117838e-01,4.98493547e-01
21,3,2.30000000e+00,2.15443469e+03,0.00000000e+00,0.00000000e+00,3.60000000e+03,1.80000000e+03,3.51986267e+02,3.51986267e+02,2.43775864e+02,3.27302527e-03,1.13340300e-03,6.43117860e-310,6.67738199e+01,9.48761267e-03,0.00000000e+00,1.70777028e+01,1.70777028e+01,3.73047544e-01,3.73047544e-01,0.00000000e+00,7.57530512e+00,4.43578694e-01
21,3,2.30000000e+00,2.15443469e+03,1.75993184e+02,0.00000000e+00,3.60000000e+03,1.80000000e+03,3.51986267e+02,3.51986267e+02,2.43775864e+02,3.27302527e-03,1.00022458e-03,6.43117860e-310,5.89276857e+01,8.37278830e-03,0.00000000e+00,1.50710189e+01,1.50710189e+01,3.29213283e-01,3.29213283e-01,0.00000000e+00,6.68518291e+00,4.43578694e-01
21,3,2.30000000e+00,2.15443469e+03,3.51986367e+02,0.00000000e+00,3.60000000e+03,1.80000000e+03,3.51986267e+02,3.51986267e+02,2.43775864e+02,3.27302527e-03,6.87443507e-04,6.43117860e-310,4.05003594e+01,5.75452660e-03,0.00000000e+00,1.03581479e+01,1.03581479e+01,2.26264719e-01,2.26264719e-01,0.00000000e+00,4.59465372e+00,4.43578694e-01
21,3,2.30000000e+00,2.15443469e+03,5.27979551e+02,0.00000000e+00,3.60000000e+03,1.80000000e+03,3.51986267e+02,3.51986267e+02,2.43775864e+02,3.27302527e-03,3.67961818e-04,6.43117860e-310,2.16782699e+01,3.08017466e-03,0.00000000e+00,5.54431439e+00,5.54431439e+00,1.21110719e-01,1.21110719e-01,0.00000000e+00,2.45933974e+00,4.43578694e-01
21,3,2.30000000e+00,2.15443469e+03,7.03972734e+02,0.00000000e+00,3.60000000e+03,1.80000000e+03,3.51986267e+02,3.51986267e+02,2.43775864e+02,3.27302527e-03,1.53389270e-04,6.43117860e-310,9.03684521e+00,1.28400752e-03,0.00000000e+00,2.31121354e+00,2.31121354e+00,5.04864469e-02,5.04864469e-02,0.00000000e+00,1.02520509e+00,4.43578694e-01
21,3,2.30000000e+00,2.15443469e+03,8.79965918e+02,0.00000000e+00,3.60000000e+03,1.80000000e+03,3.51986267e+02,3.51986267e+02,2.43775864e+02,3.27302527e-03,4.97981634e-05,6.43117860e-310,2.93383165e+00,4.16855863e-04,0.00000000e+00,7.50340553e-01,7.50340553e-01,1.63905359e-02,1.63905359e-02,0.00000000e+00,3.32835083e-01,4.43578694e-01
21,3,2.30000000e+00,2.15443469e+03,1.05595910e+03,0.00000000e+00,3.60000000e+03,1.80000000e+03,3.51986267e+02,3.51986267e+02,2.43775864e+02,3.27302527e-03,1.25909340e-05,6.43117860e-310,7.41788012e-01,1.05397555e-04,0.00000000e+00,1.89715599e-01,1.89715599e-01,4.14417202e-03,4.14417202e-03,0.00000000e+00,8.41537976e-02,4.43578694e-01
21,3,2.30000000e+00,4.64158883e+03,0.00000000e+00,0.00000000e+00,3.60000000e+03,1.80000000e+03,7.36575439e+02,7.36575439e+02,4.76253052e+02,1.67533742e-03,5.41617695e-04,6.43117860e-310,1.63330631e+01,2.32069248e-03,1.32294544e-06,4.17725387e+00,4.17718753e+00,8.08682731e-02,8.08695574e-02,5.20082301e-07,1.64215487e+00,3.93124527e-01
21,3,2.30000000e+00,4.64158883e+03,3.68287669e+02,0.00000000e+00,3.60000000e+03,1.80000000e+03,7.36575439e+02,7.36575439e+02,4.76253052e+02,1.67533742e-03,4.77975952e-04,6.43117860e-310,1.44138780e+01,2.04800398e-03,1.16749529e-06,3.68641371e+00,3.68635517e+00,7.13660027e-02,7.13671360e-02,4.58971033e-07,1.44919663e+00,3.93124527e-01
21,3,2.30000000e+00,4.64158883e+03,7.36575338e+02,0.00000000e+00,3.60000000e+03,1.80000000e+03,7.36575439e+02,7.36575439e+02,4.76253052e+02,1.67533742e-03,3.28507777e-04,6.43117860e-310,9.90650471e+00,1.40757131e-03,8.02407066e-07,2.53363285e+00,2.53359261e+00,4.90490929e-02,4.90498718e-02,3.15445899e-07,9.96017398e-01,3.93124527e-01
21,3,2.30000000e+00,4.64158883e+03,1.10486301e+03,0.00000000e+00,3.60000000e+03,1.80000000e+03,7.36575439e+02,7.36575439e+02,4.76253052e+02,1.67533742e-03,1.75837584e-04,6.43117860e-310,5.30257113e+00,7.53418808e-04,4.29497655e-07,1.35615626e+00,1.35613472e+00,2.62540938e-02,2.62545107e-02,1.68846063e-07,5.33129823e-01,3.93124527e-01
21,3,2.30000000e+00,4.64158883e+03,1.47315068e+03,0.00000000e+00,3.60000000e+03,1.80000000e+03,7.36575439e+02,7.36575439e+02,4.76253052e+02,1.67533742e-03,7.33000191e-05,6.43117860e-310,2.21044077e+00,3.14071723e-04,1.79041281e-07,5.65330105e-01,5.65321127e-01,1.09443359e-02,1.09445097e-02,7.03855191e-08,2.22241601e-01,3.93124527e-01
21,3,2.30000000e+00,4.64158883e+03,1.84143834e+03,0.00000000e+00,3.60000000e+03,1.80000000e+03,7.36575439e+02,7.36575439e+02,4.76253052e+02,1.67533742e-03,2.37970349e-05,6.43117860e-310,7.17625137e-01,1.01964172e-04,5.81262006e-08,1.83535835e-01,1.83532921e-01,3.55310607e-03,3.55316249e-03,2.28508352e-08,7.21512927e-02,3.93124527e-01
21,3,2.30000000e+00,4.64158883e+03,2.20972601e+03,0.00000000e+00,3.60000000e+03,1.80000000e+03,7.36575439e+02,7.36575439e+02,4.76253052e+02,1.67533742e-03,6.01683771e-06,6.43117860e-310,1.81444201e-01,2.57806016e-05,1.46966173e-08,4.64051652e-02,4.64044282e-02,8.98366651e-04,8.98380918e-04,5.77760075e-09,1.82427189e-02,3.93124527e-01
21,3,2.30000000e+00,1.00000000e+04,0.00000000e+00,0.00000000e+00,3.60000000e+03,1.80000000e+03,1.51913843e+03,1.51913843e+03,1.18350903e+03,6.74168543e-04,2.62610888e-04,6.43117860e-310,3.18679200e+00,4.43500187e-04,4.39554607e-04,8.15036294e-01,4.70511634e-01,8.05448633e-03,1.39522558e-02,1.52797505e-04,1.63558754e-01,3.47618937e-01
21,3,2.30000000e+00,1.00000000e+04,7.59569218e+02,0.00000000e+00,3.60000000e+03,1.80000000e+03,1.51913843e+03,1.51913843e+03,1.18350903e+03,6.74168543e-04,2.31753295e-04,6.43117860e-310,2.81233407e+00,3.91387541e-04,3.87905579e-04,7.19267005e-01,4.15225060e-01,7.10805924e-03,1.23128225e-02,1.34843325e-04,1.44340094e-01,3.47618937e-01
21,3,2.30000000e+00,1.00000000e+04,1.51913844e+03,0.00000000e+00,3.60000000e+03,1.80000000e+03,1.51913843e+03,1.51913843e+03,1.18350903e+03,6.74168543e-04,1.59281555e-04,6.43117860e-310,1.93288705e+00,2.68996461e-04,2.66603346e-04,4.94344501e-01,2.85379732e-01,4.88529291e-03,8.46247093e-03,9.26763716e-05,9.92033990e-02,3.47618937e-01
21,3,2.30000000e+00,1.00000000e+04,2.27870766e+03,0.00000000e+00,3.60000000e+03,1.80000000e+03,1.51913843e+03,1.51913843e+03,1.18350903e+03,6.74168543e-04,8.52572728e-05,6.43117860e-310,1.03459989e+00,1.43983430e-04,1.42702488e-04,2.64603544e-01,1.52752763e-01,2.61490886e-03,4.52963428e-03,4.96060870e-05,5.30997530e-02,3.47618937e-01
21,3,2.30000000e+00,1.00000000e+04,3.03827687e+03,0.00000000e+00,3.60000000e+03,1.80000000e+03,1.51913843e+03,1.51913843e+03,1.18350903e+03,6.74168543e-04,3.55405189e-05,6.43117860e-310,4.31285398e-01,6.00212234e-05,5.94872472e-05,1.10303168e-01,6.36768253e-02,1.09005619e-03,1.88823249e-03,2.06788936e-05,2.21352703e-02,3.47618937e-01
21,3,2.30000000e+00,1.00000000e+04,3.79784609e+03,0.00000000e+00,3.60000000e+03,1.80000000e+03,1.51913843e+03,1.51913843e+03,1.18350903e+03,6.74168543e-04,1.15383172e-05,6.43117860e-310,1.40017868e-01,1.94860383e-05,1.93126816e-05,3.58101955e-02,2.06728384e-02,3.53889431e-04,6.13019338e-04,6.71345384e-06,7.18627012e-03,3.47618937e-01
21,3,2.30000000e+00,1.00000000e+04,4.55741531e+03,0.00000000e+00,3.60000000e+03,1.80000000e+03,1.51913843e+03,1.51913843e+03,1.18350903e+03,6.74168543e-04,2.91734345e-06,6.43117860e-310,3.54020613e-02,4.92684204e-06,4.88301061e-06,9.05423537e-03,5.22691212e-03,8.94772608e-05,1.54995562e-04,1.69742696e-06,1.81697363e-03,3.47618937e-01
21,3,2.30000000e+00,2.15443469e+04,0.00000000e+00,0.00000000e+00,3.60000000e+03,1.80000000e+03,2.98668335e+03,2.98668335e+03,2.71292261e+03,2.94263500e-04,1.33573682e-04,6.43117860e-310,7.07505464e-01,7.65303249e-05,6.23210177e-07,1.80947684e-01,1.53623884e-04,2.36217104e-06,2.78231072e-03,1.94591149e-07,4.79675222e-05,3.12240005e-01
21,3,2.30000000e+00,2.15443469e+04,1.49334223e+03,0.00000000e+00,3.60000000e+03,1.80000000e+03,2.98668335e+03,2.98668335e+03,2.71292261e+03,2.94263500e-04,1.17878350e-04,6.43117860e-310,6.24371325e-01,6.75377686e-05,5.49981002e-07,1.59685756e-01,1.35572589e-04,2.08460844e-06,2.45538038e-03,1.71726071e-07,4.23311860e-05,3.12240005e-01
21,3,2.30000000e+00,2.15443469e+04,2.98668445e+03,0.00000000e+00,3.60000000e+03,1.80000000e+03,2.98668335e+03,2.98668335e+03,2.71292261e+03,2.94263500e-04,8.10165044e-05,6.43117860e-310,4.29123603e-01,4.64179718e-05,3.77995945e-07,1.09750279e-01,9.31775622e-05,1.43272865e-06,1.68755616e-03,1.18025456e-07,2.90937625e-05,3.12240005e-01
21,3,2.30000000e+00,2.15443469e+04,4.48002668e+03,0.00000000e+00,3.60000000e+03,1.80000000e+03,2.98668335e+03,2.98668335e+03,2.71292261e+03,2.94263500e-04,4.33649866e-05,6.43117860e-310,2.29693189e-01,2.48457366e-05,2.02326541e-07,5.87450596e-02,4.98743283e-05,7.66883971e-07,9.03283234e-04,6.31744402e-08,1.55727605e-05,3.12240005e-01
21,3,2.30000000e+00,2.15443469e+04,5.97336891e+03,0.00000000e+00,3.60000000e+03,1.80000000e+03,2.98668335e+03,2.98668335e+03,2.71292261e+03,2.94263500e-04,1.80772062e-05,6.43117860e-310,9.57503154e-02,1.03572384e-05,8.43422052e-08,2.44885710e-02,2.07907021e-05,3.19684629e-07,3.76544271e-04,2.63350106e-08,6.49168892e-06,3.12240005e-01
21,3,2.30000000e+00,2.15443469e+04,7.46671113e+03,0.00000000e+00,3.60000000e+03,1.80000000e+03,2.98668335e+03,2.98668335e+03,2.71292261e+03,2.94263500e-04,5.86880400e-06,6.43117860e-310,3.10855465e-02,3.36249979e-06,2.73818789e-08,7.95026743e-03,6.74974629e-06,1.03786305e-07,1.22245910e-04,8.54971802e-09,2.10754082e-06,3.12240005e-01
21,3,2.30000000e+00,2.15443469e+04,8.96005336e+03,0.00000000e+00,3.60000000e+03,1.80000000e+03,2.98668335e+03,2.98668335e+03,2.71292261e+03,2.94263500e-04,1.48386426e-06,6.43117860e-310,7.85964765e-03,8.50172074e-07,6.92321494e-09,2.01014001e-03,1.70660109e-06,2.62412561e-08,3.09085697e-05,2.16170467e-09,5.32869133e-07,3.12240005e-01
21,3,2.30000000e+00,4.64158883e+04,0.00000000e+00,0.00000000e+00,3.60000000e+03,1.80000000e+03,5.75500098e+03,5.75500098e+03,5.31756934e+03,1.85426675e-04,6.93209772e-05,6.43117860e-310,2.31371249e-01,1.50930562e-05,3.14771556e-13,5.91742309e-02,7.79043975e-11,1.07030753e-12,8.12978817e-04,8.78168861e-14,2.17342433e-11,2.78986091e-01
21,3,2.30000000e+00,4.64158883e+04,2.87750210e+03,0.00000000e+00,3.60000000e+03,1.80000000e+03,5.75500098e+03,5.75500098e+03,5.31756934e+03,1.85426675e-04,6.11755386e-05,6.43117860e-310,2.04184380e-01,1.33195733e-05,2.77784882e-13,5.22210677e-02,6.87503792e-11,9.44542939e-13,7.17451181e-04,7.74981184e-14,1.91803996e-11,2.78986091e-01
21,3,2.30000000e+00,4.64158883e+04,5.75500419e+03,0.00000000e+00,3.60000000e+03,1.80000000e+03,5.75500098e+03,5.75500098e+03,5.31756934e+03,1.85426675e-04,4.20452730e-05,6.43117860e-310,1.40333673e-01,9.15439585e-06,1.90918486e-13,3.58909639e-02,4.72513774e-11,6.49173945e-13,4.93096284e-04,5.32636021e-14,1.31824771e-11,2.78986091e-01
21,3,2.30000000e+00,4.64158883e+04,8.63250629e+03,0.00000000e+00,3.60000000e+03,1.80000000e+03,5.75500098e+03,5.75500098e+03,5.31756934e+03,1.85426675e-04,2.25051981e-05,6.43117860e-310,7.51151530e-02,4.89999179e-06,1.02191234e-13,1.92110360e-02,2.52918232e-11,3.47477545e-13,2.63935248e-04,2.85099331e-14,7.05606690e-12,2.78986091e-01
21,3,2.30000000e+00,4.64158883e+04,1.15100084e+04,0.00000000e+00,3.60000000e+03,1.80000000e+03,5.75500098e+03,5.75500098e+03,5.31756934e+03,1.85426675e-04,9.38155172e-06,6.43117860e-310,3.13126189e-02,2.04261816e-06,4.25995961e-14,8.00834221e-03,1.05431886e-11,1.44850027e-13,1.10024456e-04,1.18846948e-14,2.94140297e-12,2.78986091e-01
21,3,2.30000000e+00,4.64158883e+04,1.43875105e+04,0.00000000e+00,3.60000000e+03,1.80000000e+03,5.75500098e+03,5.75500098e+03,5.31756934e+03,1.85426675e-04,3.04574028e-06,6.43117860e-310,1.01657069e-02,6.63140235e-07,1.38300475e-14,2.59992496e-03,3.42286810e-12,4.70258627e-14,3.57196686e-05,3.85839090e-15,9.54932592e-13,2.78986091e-01
21,3,2.30000000e+00,4.64158883e+04,1.72650126e+04,0.00000000e+00,3.60000000e+03,1.80000000e+03,5.75500098e+03,5.75500098e+03,5.31756934e+03,1.85426675e-04,7.70082641e-07,6.43117860e-310,2.57028954e-03,1.67667869e-07,3.49677862e-15,6.57363035e-04,8.65435349e-13,1.18899831e-14,9.03133364e-06,9.75552599e-16,2.41444425e-13,2.78986091e-01
21,3,2.30000000e+00,1.00000000e+05,0.00000000e+00,0.00000000e+00,3.60000000e+03,1.80000000e+03,1.08684170e+04,1.08684170e+04,8.91249121e+03,1.81818182e-04,3.67065684e-05,6.43117860e-310,1.20130587e-01,4.33373175e-06,2.27402797e-20,3.07239346e-02,4.67661689e-18,5.21568289e-20,3.42654324e-04,5.15004628e-21,1.05912476e-18,2.26472425e-01
21,3,2.30000000e+00,1.00000000e+05,5.43420810e+03,0.00000000e+00,3.60000000e+03,1.80000000e+03,1.08684170e+04,1.08684170e+04,8.91249121e+03,1.81818182e-04,3.23934334e-05,6.43117860e-310,1.06014873e-01,3.82450490e-06,2.00682267e-20,2.71137775e-02,4.12709998e-18,4.60282406e-20,3.02391384e-04,4.54489996e-21,9.34674338e-19,2.26472425e-01
21,3,2.30000000e+00,1.00000000e+05,1.08684162e+04,0.00000000e+00,3.60000000e+03,1.80000000e+03,1.08684170e+04,1.08684170e+04,8.91249121e+03,1.81818182e-04,2.22636605e-05,6.43117860e-310,7.28628888e-02,2.62854133e-06,1.37926777e-20,1.86350094e-02,2.83651169e-18,3.16347177e-20,2.07830365e-04,3.12366115e-21,6.42391681e-19,2.26472425e-01
21,3,2.30000000e+00,1.00000000e+05,1.63026243e+04,0.00000000e+00,3.60000000e+03,1.80000000e+03,1.08684170e+04,1.08684170e+04,8.91249121e+03,1.81818182e-04,1.19168801e-05,6.43117860e-310,3.90006986e-02,1.40695696e-06,7.38268923e-21,9.97460295e-03,1.51827548e-18,1.69328462e-20,1.11243592e-04,1.67197553e-21,3.43847530e-19,2.26472425e-01
21,3,2.30000000e+00,1.00000000e+05,2.17368324e+04,0.00000000e+00,3.60000000e+03,1.80000000e+03,1.08684170e+04,1.08684170e+04,8.91249121e+03,1.81818182e-04,4.96769502e-06,6.43117860e-310,1.62579110e-02,5.86506954e-07,3.07756293e-21,4.15803338e-03,6.32911422e-19,7.05866089e-21,4.63732310e-05,6.96983138e-22,1.43336984e-19,2.26472425e-01
21,3,2.30000000e+00,1.00000000e+05,2.71710405e+04,0.00000000e+00,3.60000000e+03,1.80000000e+03,1.08684170e+04,1.08684170e+04,8.91249121e+03,1.81818182e-04,1.61277502e-06,6.43117860e-310,5.27817279e-03,1.90410998e-07,9.99138755e-22,1.34991628e-03,2.05476328e-19,2.29161249e-21,1.50551893e-05,2.26277376e-22,4.65347222e-20,2.26472425e-01
21,3,2.30000000e+00,1.00000000e+05,3.26052486e+04,0.00000000e+00,3.60000000e+03,1.80000000e+03,1.08684170e+04,1.08684170e+04,8.91249121e+03,1.81818182e-04,4.07773433e-07,6.43117860e-310,1.33453124e-03,4.81434455e-08,2.52621869e-22,3.41312327e-04,5.19525580e-20,5.79410446e-22,3.80654842e-06,5.72118872e-23,1.17658218e-20,2.26472425e-01
