,Unnamed: 0.1,Unnamed: 0,istab,wind,stab,x,sig_x,sig_y,sig_z,how
0,0,0,0,0.8,A,0.001,0.001,0.001,0.001,fit
0,0,0,0,0.8,A,1,1.5953823243287808,1.5953823243287808,0.136904699,fit
1,1,1,0,0.8,A,3.1622776601683795,2.631038179308829,2.631038179308829,0.4312823242076855,fit
2,2,2,0,0.8,A,10,9.566412168367236,9.566412168367236,1.594545195,fit
3,3,3,0,0.8,A,31.6227766,19.549243521233727,19.549243521233727,16.23955824058966,fit
4,4,4,0,0.8,A,100,80.80323639,80.80323639,197.70326244158764,fit
5,5,5,0,0.8,A,316.227766,251.2129363512559,251.2129363512559,948.2859326787236,fit
6,6,6,0,0.8,A,1000,854.1422115742014,854.1422115742014,4028.059367532999,fit
7,7,7,0,0.8,A,1778.2794100389228,1821.917731473668,1821.917731473668,6130.787775063498,fit
8,8,8,0,0.8,A,3162.2776601683795,3352.0531438480525,3352.0531438480525,7451.300283512316,fit
9,9,9,0,0.8,A,5623.413251903491,6367.564210517341,6367.564210517341,7452.300283512316,fit
10,10,10,0,0.8,A,10000,9024.747037092786,9024.747037092786,7748.280466755582,fit
11,11,11,0,0.8,A,31622.776601683792,27043.798982294986,27043.798982294986,8465.995738974725,fit
12,12,12,0,0.8,A,100000,50690.59650371837,50690.59650371837,20200.26795100727,fit
78,78,78,0,2.3,A,0.001,0.001,0.001,0.001,fit
78,78,78,0,2.3,A,1,1.048949424398938,1.048949424398938,0.099817713,fit
79,79,79,0,2.3,A,3.1622776601683795,2.2487430156371464,2.2487430156371464,0.6877933552189839,fit
80,80,80,0,2.3,A,10,8.910826482,8.910826482,3.434513066,fit
81,81,81,0,2.3,A,31.6227766,24.99884379639789,24.99884379639789,20.871139764467543,fit
82,82,82,0,2.3,A,100,80.14112001327682,80.14112001327682,86.55025469928808,fit
83,83,83,0,2.3,A,316.227766,224.2755437838967,224.2755437838967,369.7775375,fit
84,84,84,0,2.3,A,1000,677.0441500143473,677.0441500143473,1680.9773913590332,fit
85,85,85,0,2.3,A,1778.2794100389228,1243.837466139257,1243.837466139257,3186.454437372958,fit
86,86,86,0,2.3,A,3162.2776601683795,2281.909378,2281.909378,4764.907439049884,fit
87,87,87,0,2.3,A,5623.413251903491,3757.425553942056,3757.425553942056,5985.844243134058,fit
88,88,88,0,2.3,A,10000,5687.176728471104,5687.176728471104,6657.752459295581,fit
89,89,89,0,2.3,A,31622.776601683792,12545.968658019538,12545.968658019538,6658.752459295581,fit
90,90,90,0,2.3,A,100000,33240.61108,33240.61108,6659.752459295581,fit
13,13,13,1,0.8,B,0.001,0.001,0.001,0.001,fit
13,13,13,1,0.8,B,1,1.1523409706086696,1.1523409706086696,0.101609424,fit
14,14,14,1,0.8,B,3.1622776601683795,3.715808147077412,3.715808147077412,0.2200804513090315,fit
15,15,15,1,0.8,B,10,10.48812679107254,10.48812679107254,0.5785025051699948,fit
16,16,16,1,0.8,B,31.6227766,20.341007290314344,20.341007290314344,5.142551757112529,fit
17,17,17,1,0.8,B,100,73.19779218,73.19779218,98.95776903717018,fit
18,18,18,1,0.8,B,316.227766,237.4716813598468,237.4716813598468,486.9319096479864,fit
19,19,19,1,0.8,B,1000,739.3269613092629,739.3269613092629,2160.953559860259,fit
20,20,20,1,0.8,B,1778.2794100389228,1371.3597792858109,1371.3597792858109,3987.124691,fit
21,21,21,1,0.8,B,3162.2776601683795,2787.2523542305785,2787.2523542305785,5254.986170566818,fit
22,22,22,1,0.8,B,5623.413251903491,4502.869936056075,4502.869936056075,6225.915972160693,fit
23,23,23,1,0.8,B,10000,7220.029375115476,7220.029375115476,6929.644663203102,fit
24,24,24,1,0.8,B,31622.776601683792,21665.358590754324,21665.358590754324,8651.049499370063,fit
25,25,25,1,0.8,B,100000,53910.73116434924,53910.73116434924,18858.703521650208,fit
91,91,91,1,2.3,B,0.001,0.001,0.001,0.001,fit
91,91,91,1,2.3,B,1,0.9802527660666708,0.9802527660666708,0.058221515,fit
92,92,92,1,2.3,B,3.1622776601683795,2.3555280052645418,2.3555280052645418,0.3949724529019243,fit
93,93,93,1,2.3,B,10,8.921202887473527,8.921202887473527,1.7896977093967077,fit
94,94,94,1,2.3,B,31.6227766,23.950468690475613,23.950468690475613,11.371929629134437,fit
95,95,95,1,2.3,B,100,75.57881144041298,75.57881144041298,46.69486443428732,fit
96,96,96,1,2.3,B,316.227766,199.04344936768496,199.04344936768496,182.7302894,fit
97,97,97,1,2.3,B,1000,565.8188291602223,565.8188291602223,828.0115465617955,fit
98,98,98,1,2.3,B,1778.2794100389228,946.6197155038598,946.6197155038598,1710.4911966783277,fit
99,99,99,1,2.3,B,3162.2776601683795,1683.7220140011602,1683.7220140011602,3238.2955696962485,fit
100,100,100,1,2.3,B,5623.413251903491,2751.349945631169,2751.349945631169,4748.680874555421,fit
101,101,101,1,2.3,B,10000,4108.449787,4108.449787,6278.557719710958,fit
102,102,102,1,2.3,B,31622.776601683792,9589.879742,9589.879742,6429.938182708341,fit
103,103,103,1,2.3,B,100000,27876.89639981935,27876.89639981935,6689.272046452014,fit
169,169,169,1,4.1,B,0.001,0.001,0.001,0.001,fit
169,169,169,1,4.1,B,1,0.837737283,0.837737283,0.069747219,fit
170,170,170,1,4.1,B,3.1622776601683795,2.3088942607740712,2.3088942607740712,0.5716865304380964,fit
171,171,171,1,4.1,B,10,9.471463683526572,9.471463683526572,2.3334152375484294,fit
172,172,172,1,4.1,B,31.6227766,25.75109955770199,25.75109955770199,11.48287961260148,fit
173,173,173,1,4.1,B,100,72.72549849773979,72.72549849773979,36.78400132056458,fit
174,174,174,1,4.1,B,316.227766,183.85535186818387,183.85535186818387,142.53590353337145,fit
175,175,175,1,4.1,B,1000,518.7464647865098,518.7464647865098,650.9141316536478,fit
176,176,176,1,4.1,B,1778.2794100389228,853.0353732415313,853.0353732415313,1355.7308657372207,fit
177,177,177,1,4.1,B,3162.2776601683795,1486.2975192299882,1486.2975192299882,2754.5029821856065,fit
178,178,178,1,4.1,B,5623.413251903491,2419.548094822424,2419.548094822424,4224.291269024495,fit
179,179,179,1,4.1,B,10000,3661.536405532125,3661.536405532125,5995.464439128033,fit
180,180,180,1,4.1,B,31622.776601683792,7482.513133571244,7482.513133571244,6785.808116,fit
181,181,181,1,4.1,B,100000,17771.37149688508,17771.37149688508,6998.354094438633,fit
26,26,26,2,0.8,C,0.001,0.001,0.001,0.001,fit
26,26,26,2,0.8,C,1,1.3104642932381274,1.3104642932381274,0.047678755,fit
27,27,27,2,0.8,C,3.1622776601683795,3.300422297014693,3.300422297014693,0.121348914,fit
28,28,28,2,0.8,C,10,9.949592107,9.949592107,0.3128985510356104,fit
29,29,29,2,0.8,C,31.6227766,20.77108657,20.77108657,1.862946434776964,fit
30,30,30,2,0.8,C,100,65.27037393979715,65.27037393979715,44.80270103215083,fit
31,31,31,2,0.8,C,316.227766,220.9645203699453,220.9645203699453,187.0328933756592,fit
32,32,32,2,0.8,C,1000,571.3282135086915,571.3282135086915,814.2033196808154,fit
33,33,33,2,0.8,C,1778.2794100389228,1024.567911814288,1024.567911814288,1664.247075336791,fit
34,34,34,2,0.8,C,3162.2776601683795,1681.9515456642755,1681.9515456642755,3108.9508284187955,fit
35,35,35,2,0.8,C,5623.413251903491,2984.5686675410384,2984.5686675410384,4535.5279539729045,fit
36,36,36,2,0.8,C,10000,4570.4241034652205,4570.4241034652205,5882.458937078974,fit
37,37,37,2,0.8,C,31622.776601683792,15539.257924887566,15539.257924887566,8219.863747206888,fit
38,38,38,2,0.8,C,100000,50312.85229632329,50312.85229632329,17672.06312613861,fit
104,104,104,2,2.3,C,0.001,0.001,0.001,0.001,fit
104,104,104,2,2.3,C,1,1.0218535057578768,1.0218535057578768,0.034041982,fit
105,105,105,2,2.3,C,3.1622776601683795,2.5066728932349327,2.5066728932349327,0.179713477,fit
106,106,106,2,2.3,C,10,8.93150218,8.93150218,0.7502155674069746,fit
107,107,107,2,2.3,C,31.6227766,21.79293533284513,21.79293533284513,6.390612784907423,fit
108,108,108,2,2.3,C,100,64.01168881,64.01168881,23.092785529914213,fit
109,109,109,2,2.3,C,316.227766,150.61748362909069,150.61748362909069,73.46337898597912,fit
110,110,110,2,2.3,C,1000,393.5164556858773,393.5164556858773,314.0983118167036,fit
111,111,111,2,2.3,C,1778.2794100389228,644.4879129034899,644.4879129034899,637.5502429022577,fit
112,112,112,2,2.3,C,3162.2776601683795,1029.576781726693,1029.576781726693,1424.9103171423253,fit
113,113,113,2,2.3,C,5623.413251903491,1692.7957368971477,1692.7957368971477,2899.5332628963515,fit
114,114,114,2,2.3,C,10000,2633.685197175537,2633.685197175537,4571.436694091847,fit
115,115,115,2,2.3,C,31622.776601683792,5806.251590013114,5806.251590013114,7172.964368574587,fit
116,116,116,2,2.3,C,100000,20968.29700426024,20968.29700426024,7173.964368574587,fit
182,182,182,2,4.1,C,0.001,0.001,0.001,0.001,fit
182,182,182,2,4.1,C,1,0.8265042032945619,0.8265042032945619,0.047056403,fit
183,183,183,2,4.1,C,3.1622776601683795,2.526246603228523,2.526246603228523,0.2945864673631064,fit
184,184,184,2,4.1,C,10,8.240079258308953,8.240079258308953,1.404792706509769,fit
185,185,185,2,4.1,C,31.6227766,22.94260680005308,22.94260680005308,7.226082417110265,fit
186,186,186,2,4.1,C,100,58.31532037,58.31532037,18.313616857039648,fit
187,187,187,2,4.1,C,316.227766,137.03434026438214,137.03434026438214,63.080978354139575,fit
188,188,188,2,4.1,C,1000,345.3067894387167,345.3067894387167,249.3250059794136,fit
189,189,189,2,4.1,C,1778.2794100389228,602.6824108778975,602.6824108778975,516.4336218495799,fit
190,190,190,2,4.1,C,3162.2776601683795,825.4634749430444,825.4634749430444,1199.185503830816,fit
191,191,191,2,4.1,C,5623.413251903491,1608.0352794157966,1608.0352794157966,2323.9128109370376,fit
192,192,192,2,4.1,C,10000,2394.542575758805,2394.542575758805,3947.228860340085,fit
193,193,193,2,4.1,C,31622.776601683792,4870.975952210411,4870.975952210411,7272.668942765197,fit
194,194,194,2,4.1,C,100000,13061.330107449989,13061.330107449989,7273.668942765197,fit
234,234,234,2,6.7,C,0.001,0.001,0.001,0.001,fit
234,234,234,2,6.7,C,1,0.802723006,0.802723006,0.062591804,fit
235,235,235,2,6.7,C,3.1622776601683795,2.4181270283996805,2.4181270283996805,0.3954965127698252,fit
236,236,236,2,6.7,C,10,9.516365575423814,9.516365575423814,1.3873632221050989,fit
237,237,237,2,6.7,C,31.6227766,21.724530641368546,21.724530641368546,7.043976085635587,fit
238,238,238,2,6.7,C,100,56.72601104269769,56.72601104269769,16.798325674016013,fit
239,239,239,2,6.7,C,316.227766,129.51909057917973,129.51909057917973,56.64780331437282,fit
240,240,240,2,6.7,C,1000,343.8185262348645,343.8185262348645,235.02656374677355,fit
241,241,241,2,6.7,C,1778.2794100389228,566.1624165722462,566.1624165722462,457.6103659151421,fit
242,242,242,2,6.7,C,3162.2776601683795,858.9959151647266,858.9959151647266,1047.0517413330956,fit
243,243,243,2,6.7,C,5623.413251903491,1458.5870825096438,1458.5870825096438,2065.958763425354,fit
244,244,244,2,6.7,C,10000,2288.7259875452964,2288.7259875452964,3741.1475438567713,fit
245,245,245,2,6.7,C,31622.776601683792,4856.587231045453,4856.587231045453,7132.732886779192,fit
246,246,246,2,6.7,C,100000,9935.848177207865,9935.848177207865,7212.185667652508,fit
269,269,269,2,9.6,C,0.001,0.001,0.001,0.001,fit
269,269,269,2,9.6,C,1,0.5593131707676815,0.5593131707676815,0.071095986,fit
270,270,270,2,9.6,C,3.1622776601683795,3.2523073195932986,3.2523073195932986,0.3588998497983648,fit
271,271,271,2,9.6,C,10,7.082359430293907,7.082359430293907,1.895424228849764,fit
272,272,272,2,9.6,C,31.6227766,22.66544698783993,22.66544698783993,6.394911709348942,fit
273,273,273,2,9.6,C,100,53.56306386251352,53.56306386251352,16.493284716058053,fit
274,274,274,2,9.6,C,316.227766,127.15658499712012,127.15658499712012,55.52523200759968,fit
275,275,275,2,9.6,C,1000,339.9473303851166,339.9473303851166,226.1165407540195,fit
276,276,276,2,9.6,C,1778.2794100389228,546.0134398791424,546.0134398791424,471.3611254154727,fit
277,277,277,2,9.6,C,3162.2776601683795,887.3639859225916,887.3639859225916,976.8617231,fit
278,278,278,2,9.6,C,5623.413251903491,1403.135466775773,1403.135466775773,2190.6603330488742,fit
279,279,279,2,9.6,C,10000,2257.7958601147643,2257.7958601147643,3596.6439071706777,fit
280,280,280,2,9.6,C,31622.776601683792,4639.4537362937135,4639.4537362937135,7054.575771807593,fit
281,281,281,2,9.6,C,100000,9954.864465329209,9954.864465329209,7092.277361017433,fit
295,295,295,2,12,C,0.001,0.001,0.001,0.001,fit
295,295,295,2,12,C,1,0.7650263808495427,0.7650263808495427,0.065830339,fit
296,296,296,2,12,C,3.1622776601683795,2.480885546332833,2.480885546332833,0.3951711422819376,fit
297,297,297,2,12,C,10,8.997519781661621,8.997519781661621,1.6477121792387883,fit
298,298,298,2,12,C,31.6227766,22.715789298986056,22.715789298986056,6.808230261153396,fit
299,299,299,2,12,C,100,53.07047705,53.07047705,16.53173649212457,fit
300,300,300,2,12,C,316.227766,129.01313678591964,129.01313678591964,54.252164527645945,fit
301,301,301,2,12,C,1000,331.97505757543945,331.97505757543945,225.4401181456794,fit
302,302,302,2,12,C,1778.2794100389228,540.8870805391089,540.8870805391089,454.0944570104537,fit
303,303,303,2,12,C,3162.2776601683795,855.4012434,855.4012434,935.3929909830804,fit
304,304,304,2,12,C,5623.413251903491,1399.4594636161628,1399.4594636161628,2192.8243806129426,fit
305,305,305,2,12,C,10000,2210.3588530957945,2210.3588530957945,3643.9993133590574,fit
306,306,306,2,12,C,31622.776601683792,4742.916534531299,4742.916534531299,7248.954298749602,fit
307,307,307,2,12,C,100000,9134.487664735503,9134.487664735503,7249.954298749602,fit
39,39,39,3,0.8,D,0.001,0.001,0.001,0.001,fit
39,39,39,3,0.8,D,1,1.197704065135913,1.197704065135913,0.030525659,fit
40,40,40,3,0.8,D,3.1622776601683795,3.0261842291340977,3.0261842291340977,0.084983098,fit
41,41,41,3,0.8,D,10,10.806380777884677,10.806380777884677,0.2219900156116148,fit
42,42,42,3,0.8,D,31.6227766,20.13201519045784,20.13201519045784,1.2311060144290409,fit
43,43,43,3,0.8,D,100,64.93760557,64.93760557,23.271917201335643,fit
44,44,44,3,0.8,D,316.227766,185.8286098368843,185.8286098368843,70.62011822157372,fit
45,45,45,3,0.8,D,1000,469.4014497082104,469.4014497082104,219.1338753321573,fit
46,46,46,3,0.8,D,1778.2794100389228,819.8513487042701,819.8513487042701,379.8346285624099,fit
47,47,47,3,0.8,D,3162.2776601683795,1335.5482111135375,1335.5482111135375,610.0187719859516,fit
48,48,48,3,0.8,D,5623.413251903491,2154.784237034168,2154.784237034168,1099.138612680573,fit
49,49,49,3,0.8,D,10000,3304.006379646132,3304.006379646132,2068.623760171769,fit
50,50,50,3,0.8,D,31622.776601683792,9830.382535404564,9830.382535404564,5134.282644010952,fit
51,51,51,3,0.8,D,100000,41474.92576,41474.92576,15315.572085249663,fit
117,117,117,3,2.3,D,0.001,0.001,0.001,0.001,fit
117,117,117,3,2.3,D,1,0.8777658598922167,0.8777658598922167,0.014868316,fit
118,118,118,3,2.3,D,3.1622776601683795,2.412165808693482,2.412165808693482,0.075896679,fit
119,119,119,3,2.3,D,10,6.898898548877755,6.898898548877755,0.5247035456396739,fit
120,120,120,3,2.3,D,31.6227766,15.160497087100053,15.160497087100053,5.500530253536601,fit
121,121,121,3,2.3,D,100,29.54276955309166,29.54276955309166,12.329978472454687,fit
122,122,122,3,2.3,D,316.227766,65.66130868565028,65.66130868565028,36.06519569471305,fit
123,123,123,3,2.3,D,1000,165.15550401172166,165.15550401172166,108.19781061244711,fit
124,124,124,3,2.3,D,1778.2794100389228,290.3909922341287,290.3909922341287,204.81117226789044,fit
125,125,125,3,2.3,D,3162.2776601683795,517.1437115986698,517.1437115986698,345.3544071095818,fit
126,126,126,3,2.3,D,5623.413251903491,879.0632745491428,879.0632745491428,559.2733055983558,fit
127,127,127,3,2.3,D,10000,1519.138436905955,1519.138436905955,1183.5090765117484,fit
128,128,128,3,2.3,D,31622.776601683792,4187.794244416936,4187.794244416936,4107.431822499849,fit
129,129,129,3,2.3,D,100000,10868.416205673047,10868.416205673047,8912.492872880883,fit
195,195,195,3,4.1,D,0.001,0.001,0.001,0.001,fit
195,195,195,3,4.1,D,1,0.7062003524797591,0.7062003524797591,0.028211717,fit
196,196,196,3,4.1,D,3.1622776601683795,2.402949625459956,2.402949625459956,0.1234117893169087,fit
197,197,197,3,4.1,D,10,6.904928635808676,6.904928635808676,0.8486471291396669,fit
198,198,198,3,4.1,D,31.6227766,13.334501761718156,13.334501761718156,5.241631178548649,fit
199,199,199,3,4.1,D,100,26.436530448301724,26.436530448301724,11.331246660773711,fit
200,200,200,3,4.1,D,316.227766,60.12768699029823,60.12768699029823,32.08108143960991,fit
201,201,201,3,4.1,D,1000,144.22668926129862,144.22668926129862,97.72268153422144,fit
202,202,202,3,4.1,D,1778.2794100389228,229.3983803,229.3983803,171.74145922991906,fit
203,203,203,3,4.1,D,3162.2776601683795,376.0603756527955,376.0603756527955,326.4484108869308,fit
204,204,204,3,4.1,D,5623.413251903491,588.5322497,588.5322497,491.2730058677758,fit
205,205,205,3,4.1,D,10000,948.6737994805276,948.6737994805276,985.3827593870964,fit
206,206,206,3,4.1,D,31622.776601683792,2309.5188531143244,2309.5188531143244,3539.407163214916,fit
207,207,207,3,4.1,D,100000,6002.620246277036,6002.620246277036,8884.074448030693,fit
247,247,247,3,6.7,D,0.001,0.001,0.001,0.001,fit
247,247,247,3,6.7,D,1,0.7608375307779695,0.7608375307779695,0.046361682,fit
248,248,248,3,6.7,D,3.1622776601683795,2.268592888772089,2.268592888772089,0.2364998426387861,fit
249,249,249,3,6.7,D,10,6.532483483133671,6.532483483133671,1.4568024167896887,fit
250,250,250,3,6.7,D,31.6227766,11.967262918025416,11.967262918025416,4.939960777875264,fit
251,251,251,3,6.7,D,100,24.337425775847137,24.337425775847137,10.986647993205986,fit
252,252,252,3,6.7,D,316.227766,57.50692824897083,57.50692824897083,30.05803512144347,fit
253,253,253,3,6.7,D,1000,142.95705809824486,142.95705809824486,92.86637124735016,fit
254,254,254,3,6.7,D,1778.2794100389228,220.62387087724773,220.62387087724773,173.03495941973034,fit
255,255,255,3,6.7,D,3162.2776601683795,367.72003779915394,367.72003779915394,292.1587222792224,fit
256,256,256,3,6.7,D,5623.413251903491,563.0809709845315,563.0809709845315,463.94368202282607,fit
257,257,257,3,6.7,D,10000,919.2159697,919.2159697,893.0658323,fit
258,258,258,3,6.7,D,31622.776601683792,2260.923114697951,2260.923114697951,3656.7517644185687,fit
259,259,259,3,6.7,D,100000,4944.075413390563,4944.075413390563,8283.843618156166,fit
282,282,282,3,9.6,D,0.001,0.001,0.001,0.001,fit
282,282,282,3,9.6,D,1,0.838702172,0.838702172,0.049668076,fit
283,283,283,3,9.6,D,3.1622776601683795,2.266622002497651,2.266622002497651,0.2497603330078853,fit
284,284,284,3,9.6,D,10,6.122712923888093,6.122712923888093,1.7797441965937495,fit
285,285,285,3,9.6,D,31.6227766,12.16711062880388,12.16711062880388,4.763837505219106,fit
286,286,286,3,9.6,D,100,24.44524312057744,24.44524312057744,10.824704528631848,fit
287,287,287,3,9.6,D,316.227766,57.12385387448298,57.12385387448298,30.736388971065264,fit
288,288,288,3,9.6,D,1000,141.15985306793186,141.15985306793186,92.54346565736216,fit
289,289,289,3,9.6,D,1778.2794100389228,222.0327815351237,222.0327815351237,162.2108712481192,fit
290,290,290,3,9.6,D,3162.2776601683795,348.0648005852286,348.0648005852286,305.8671103678201,fit
291,291,291,3,9.6,D,5623.413251903491,574.0535025140325,574.0535025140325,474.4841925360845,fit
292,292,292,3,9.6,D,10000,893.9414492535875,893.9414492535875,896.7249554,fit
293,293,293,3,9.6,D,31622.776601683792,2244.3493497421146,2244.3493497421146,3453.0265485858995,fit
294,294,294,3,9.6,D,100000,4783.607634,4783.607634,8358.472780816415,fit
308,308,308,3,12,D,0.001,0.001,0.001,0.001,fit
308,308,308,3,12,D,1,0.7225258527894359,0.7225258527894359,0.058241332,fit
309,309,309,3,12,D,3.1622776601683795,2.2920708111994377,2.2920708111994377,0.2862231880490362,fit
310,310,310,3,12,D,10,6.056793864,6.056793864,1.840388500655824,fit
311,311,311,3,12,D,31.6227766,11.65465107925836,11.65465107925836,4.645010770424301,fit
312,312,312,3,12,D,100,23.639318618191982,23.639318618191982,10.659184900208782,fit
313,313,313,3,12,D,316.227766,56.083553357154365,56.083553357154365,30.21601344,fit
314,314,314,3,12,D,1000,138.92188925004223,138.92188925004223,89.43449241699739,fit
315,315,315,3,12,D,1778.2794100389228,224.1758971387372,224.1758971387372,167.44120385406242,fit
316,316,316,3,12,D,3162.2776601683795,349.2241276624733,349.2241276624733,287.3491402430753,fit
317,317,317,3,12,D,5623.413251903491,558.6700862003057,558.6700862003057,460.2199941619062,fit
318,318,318,3,12,D,10000,895.1940133242601,895.1940133242601,861.5250571607605,fit
319,319,319,3,12,D,31622.776601683792,2237.155816416471,2237.155816416471,3618.090852193994,fit
320,320,320,3,12,D,100000,4810.222015672463,4810.222015672463,8101.575827700204,fit
130,130,130,4,2.3,E,0.001,0.001,0.001,0.001,fit
130,130,130,4,2.3,E,1,1.2318126996383296,1.2318126996383296,0.011104495,fit
131,131,131,4,2.3,E,3.1622776601683795,2.637011449,2.637011449,0.038885053,fit
132,132,132,4,2.3,E,10,8.426066441388153,8.426066441388153,0.1426044932230911,fit
133,133,133,4,2.3,E,31.6227766,21.86805530540113,21.86805530540113,0.9750565986996252,fit
134,134,134,4,2.3,E,100,50.09226625063043,50.09226625063043,6.95244581,fit
135,135,135,4,2.3,E,316.227766,104.74002657684566,104.74002657684566,10.843583319723834,fit
136,136,136,4,2.3,E,1000,214.3468421212501,214.3468421212501,21.496376755359023,fit
137,137,137,4,2.3,E,1778.2794100389228,317.3134091439196,317.3134091439196,29.63811379282632,fit
138,138,138,4,2.3,E,3162.2776601683795,463.6558778401816,463.6558778401816,42.41533328537994,fit
139,139,139,4,2.3,E,5623.413251903491,685.2604730832434,685.2604730832434,62.00523379146944,fit
140,140,140,4,2.3,E,10000,986.0120872807232,986.0120872807232,98.36944643583531,fit
141,141,141,4,2.3,E,31622.776601683792,1862.7137120840944,1862.7137120840944,224.3219155069882,fit
142,142,142,4,2.3,E,100000,4320.405083070127,4320.405083070127,355.3215316836097,fit
208,208,208,4,4.1,E,0.001,0.001,0.001,0.001,fit
208,208,208,4,4.1,E,1,0.9428229155732778,0.9428229155732778,0.008023716,fit
209,209,209,4,4.1,E,3.1622776601683795,2.3571158620589143,2.3571158620589143,0.053743892,fit
210,210,210,4,4.1,E,10,5.988885586268264,5.988885586268264,0.4211373718843663,fit
211,211,211,4,4.1,E,31.6227766,12.250656074497735,12.250656074497735,2.7712279911751576,fit
212,212,212,4,4.1,E,100,21.43443403,21.43443403,5.446364915337752,fit
213,213,213,4,4.1,E,316.227766,43.10457699761426,43.10457699761426,10.772852218990607,fit
214,214,214,4,4.1,E,1000,85.17141207443304,85.17141207443304,20.666074921823125,fit
215,215,215,4,4.1,E,1778.2794100389228,132.6099838492244,132.6099838492244,27.01639318969412,fit
216,216,216,4,4.1,E,3162.2776601683795,201.7258244321989,201.7258244321989,41.37509500298568,fit
217,217,217,4,4.1,E,5623.413251903491,280.8991997521906,280.8991997521906,60.24535276472371,fit
218,218,218,4,4.1,E,10000,433.1647871908428,433.1647871908428,102.66878808238836,fit
219,219,219,4,4.1,E,31622.776601683792,885.6395106547308,885.6395106547308,262.61883907174297,fit
220,220,220,4,4.1,E,100000,2512.236939,2512.236939,453.6939099584759,fit
260,260,260,4,6.7,E,0.001,0.001,0.001,0.001,fit
260,260,260,4,6.7,E,1,290.1544173708574,290.1544173708574,1.8440748290263824,fit
261,261,261,4,6.7,E,316.227766,291.1544173708574,291.1544173708574,4.740208363639787,fit
262,262,262,4,6.7,E,1000,598.3911195411907,598.3911195411907,10.092607491135222,fit
263,263,263,4,6.7,E,1778.2794100389228,769.9906730081302,769.9906730081302,12.640272918514958,fit
264,264,264,4,6.7,E,3162.2776601683795,49981.32067514801,49981.32067514801,13.640272918514958,fit
265,265,265,4,6.7,E,5623.413251903491,49982.32067514801,49982.32067514801,33.96474430100756,fit
266,266,266,4,6.7,E,10000,49983.32067514801,49983.32067514801,102.61478666463634,fit
267,267,267,4,6.7,E,31622.776601683792,49984.32067514801,49984.32067514801,297.2378048702493,fit
268,268,268,4,6.7,E,100000,49985.32067514801,49985.32067514801,648.4459233628268,fit
321,0,,4,6.7,E,3.1622776601683795,290.3541422243695,290.3541422243695,2.2273184695660966,fit
322,1,,4,6.7,E,10,290.55400455646105,290.55400455646105,2.690209468066702,fit
323,2,,4,6.7,E,31.6227766,290.7540044617637,290.7540044617637,3.2493004844006936,fit
324,3,,4,6.7,E,100,290.9541420349752,290.9541420349752,3.924584224110241,fit
52,52,52,5,0.8,F,0.001,0.001,0.001,0.001,fit
52,52,52,5,0.8,F,1,1.271213703969602,1.271213703969602,0.030741297,fit
53,53,53,5,0.8,F,3.1622776601683795,4.481255819367067,4.481255819367067,0.042767706,fit
54,54,54,5,0.8,F,10,12.86733096837302,12.86733096837302,0.070496062,fit
55,55,55,5,0.8,F,31.6227766,29.49163667497056,29.49163667497056,0.1646862812193245,fit
56,56,56,5,0.8,F,100,57.24698201,57.24698201,1.876132306203111,fit
57,57,57,5,0.8,F,316.227766,246.82590128024256,246.82590128024256,15.419437620993907,fit
58,58,58,5,0.8,F,1000,535.1774349140076,535.1774349140076,24.043084111627007,fit
59,59,59,5,0.8,F,1778.2794100389228,782.6100061897342,782.6100061897342,39.36125418,fit
60,60,60,5,0.8,F,3162.2776601683795,1114.5285502855777,1114.5285502855777,56.60983121503847,fit
61,61,61,5,0.8,F,5623.413251903491,1624.2831948286246,1624.2831948286246,83.42499982632413,fit
62,62,62,5,0.8,F,10000,2102.060931175424,2102.060931175424,115.07178650601364,fit
63,63,63,5,0.8,F,31622.776601683792,5216.872972294876,5216.872972294876,195.662695,fit
64,64,64,5,0.8,F,100000,29284.27910066905,29284.27910066905,310.7376896465892,fit
143,143,143,5,2.3,F,0.001,0.001,0.001,0.001,fit
143,143,143,5,2.3,F,1,1.2111999195337713,1.2111999195337713,0.010150848,fit
144,144,144,5,2.3,F,3.1622776601683795,3.150031308,3.150031308,0.030628664,fit
145,145,145,5,2.3,F,10,9.257497814192291,9.257497814192291,0.083551505,fit
146,146,146,5,2.3,F,31.6227766,20.567419496665128,20.567419496665128,0.5648214708286017,fit
147,147,147,5,2.3,F,100,61.729144050398375,61.729144050398375,4.109972750868663,fit
148,148,148,5,2.3,F,316.227766,120.52867102339071,120.52867102339071,6.996923176110165,fit
149,149,149,5,2.3,F,1000,242.73126676523344,242.73126676523344,13.663744216101149,fit
150,150,150,5,2.3,F,1778.2794100389228,359.76123476142743,359.76123476142743,19.78904897770378,fit
151,151,151,5,2.3,F,3162.2776601683795,510.0643216771949,510.0643216771949,31.47419240646152,fit
152,152,152,5,2.3,F,5623.413251903491,747.5171978527746,747.5171978527746,50.821491357821486,fit
153,153,153,5,2.3,F,10000,1025.9919170855617,1025.9919170855617,89.92652379424918,fit
154,154,154,5,2.3,F,31622.776601683792,2120.464193146307,2120.464193146307,185.0603203891792,fit
155,155,155,5,2.3,F,100000,5274.743326904847,5274.743326904847,278.84012392902656,fit
221,221,221,5,4.1,F,0.001,0.001,0.001,0.001,fit
221,221,221,5,4.1,F,1,0.9469559857113232,0.9469559857113232,0.007362537,fit
222,222,222,5,4.1,F,3.1622776601683795,2.5204366596337504,2.5204366596337504,0.036318614,fit
223,223,223,5,4.1,F,10,7.484080049910554,7.484080049910554,0.159235154,fit
224,224,224,5,4.1,F,31.6227766,16.282245564135888,16.282245564135888,1.5343675071720475,fit
225,225,225,5,4.1,F,100,31.346589119309925,31.346589119309925,3.6976928030433935,fit
226,226,226,5,4.1,F,316.227766,58.579422719128594,58.579422719128594,6.438346494414131,fit
227,227,227,5,4.1,F,1000,120.12212596872742,120.12212596872742,12.820870242235966,fit
228,228,228,5,4.1,F,1778.2794100389228,170.79995687144364,170.79995687144364,17.51838265007852,fit
229,229,229,5,4.1,F,3162.2776601683795,259.2623382136215,259.2623382136215,30.15278006053959,fit
230,230,230,5,4.1,F,5623.413251903491,377.6880969494263,377.6880969494263,47.641413264767706,fit
231,231,231,5,4.1,F,10000,521.5737644742176,521.5737644742176,101.8837029354381,fit
232,232,232,5,4.1,F,31622.776601683792,1182.285354070438,1182.285354070438,223.6091626960977,fit
233,233,233,5,4.1,F,100000,3546.760611254086,3546.760611254086,331.99096566593096,fit
65,65,65,6,0.8,G,0.001,0.001,0.001,0.001,fit
65,65,65,6,0.8,G,1,1.3618854135855532,1.3618854135855532,0.029977462,fit
66,66,66,6,0.8,G,3.1622776601683795,4.330845415042194,4.330845415042194,0.042186735,fit
67,67,67,6,0.8,G,10,14.250942084731385,14.250942084731385,0.060151861,fit
68,68,68,6,0.8,G,31.6227766,32.01582453944057,32.01582453944057,0.1299568914623259,fit
69,69,69,6,0.8,G,100,67.76385610854454,67.76385610854454,0.778591722,fit
70,70,70,6,0.8,G,316.227766,238.1411005752292,238.1411005752292,10.717476672424242,fit
71,71,71,6,0.8,G,1000,559.9834038965919,559.9834038965919,23.65165084,fit
72,72,72,6,0.8,G,1778.2794100389228,827.4098747592581,827.4098747592581,40.45764655805083,fit
73,73,73,6,0.8,G,3162.2776601683795,1272.8902774090525,1272.8902774090525,53.227535986801335,fit
74,74,74,6,0.8,G,5623.413251903491,2104.4858803003453,2104.4858803003453,66.88651438104266,fit
75,75,75,6,0.8,G,10000,3110.3339010268514,3110.3339010268514,81.06625314460169,fit
76,76,76,6,0.8,G,31622.776601683792,10894.888275704912,10894.888275704912,144.72281118027402,fit
77,77,77,6,0.8,G,100000,44682.20309640996,44682.20309640996,475.9246747690888,fit
156,156,156,6,2.3,G,0.001,0.001,0.001,0.001,fit
156,156,156,6,2.3,G,1,1.2737021172179583,1.2737021172179583,0.009937567,fit
157,157,157,6,2.3,G,3.1622776601683795,3.618847656470375,3.618847656470375,0.019499887,fit
158,158,158,6,2.3,G,10,10.865344533407637,10.865344533407637,0.041495168,fit
159,159,159,6,2.3,G,31.6227766,24.52746352386385,24.52746352386385,0.1661600252401051,fit
160,160,160,6,2.3,G,100,70.95771266778624,70.95771266778624,1.3884203434583555,fit
161,161,161,6,2.3,G,316.227766,163.87205223367067,163.87205223367067,3.613382886,fit
162,162,162,6,2.3,G,1000,295.2424390592069,295.2424390592069,8.077508973222727,fit
163,163,163,6,2.3,G,1778.2794100389228,432.9522903857974,432.9522903857974,14.57910139124206,fit
164,164,164,6,2.3,G,3162.2776601683795,580.1215271818561,580.1215271818561,27.352471048656863,fit
165,165,165,6,2.3,G,5623.413251903491,830.4404251307836,830.4404251307836,47.330489901858165,fit
166,166,166,6,2.3,G,10000,1326.0338748973047,1326.0338748973047,56.21064119879573,fit
167,167,167,6,2.3,G,31622.776601683792,3300.211247833295,3300.211247833295,100.38005551808546,fit
168,168,168,6,2.3,G,100000,10723.338807030555,10723.338807030555,161.4936137929813,fit
